{"cameraMode":{"drawMode":0,"name":"Shaded","section":"Shading Mode"},"sceneLighting":false,"audioPlay":false,"sceneViewState":{"showFog":true,"showMaterialUpdate":false,"showSkybox":true,"showFlares":true,"showImageEffects":true,"showParticleSystems":true},"in2DMode":false,"pivot":{"x":-0.6510581970214844,"y":4.000164031982422,"z":0.1872711181640625},"rotation":{"x":-0.21799615025520326,"y":-0.1361621767282486,"z":0.030954880639910699,"w":-0.9659085869789124},"size":78.6466293334961,"orthographic":false}